Iterations,Cost
0,33.34799988079071
1,30.168298496775193
