Iterations,Cost
0,23.79899988079071
1,31.409062579300638
2,32.52205829473559
3,33.395071441421905
4,34.48426259066471
5,37.141070204019144
6,35.34507075476335
7,34.824093367936555
8,33.85309829956808
9,39.04409772643884
10,40.245097796385245
11,33.34809779593912
12,36.08309779559456
