Iterations,Cost
0,36.05399988079071
1,37.04925938837437
2,34.75386833755258
3,35.84641412083496
4,35.12950743481585
5,36.2064155918614
6,36.17349553152485
7,36.0893147482842
8,36.85396458405731
9,35.35903310533751
10,33.77698767200822
11,33.786990298513984
12,35.503990080164826
