Iterations,Cost
0,34.43899988079071
1,32.83859723248431
2,28.77129976019789
3,28.93150306280477
4,27.593887715619672
5,52.46381715018099
6,27.90571083006066
7,27.901749830908813
8,26.962751414871907
9,26.85175164814183
10,27.50075165911867
11,26.427751663724543
12,26.591751663966637
13,27.204751664004522
14,29.54275166400238
15,26.69675166400225
16,26.72575166400223
17,27.48575166400223
18,46.98175166400223
19,27.26675166400223
