Iterations,Cost
0,34.83199988079071
1,36.36960367590558
2,34.06381976826957
3,32.625876649854426
4,31.100744815309014
5,30.402217341754145
6,31.10969023226889
7,29.247632537315468
8,29.32763132269518
9,31.372631674335054
10,30.815631585989152
11,29.967631597151353
12,29.829631595527996
